TYPE,NAME,DATE,DAY,TIME,INFO,CATEGORY,STYLE,FEATURED,ACTIVE,,START TIME,END TIME,FREQUENCY,START_DATE,END_DATE,SKIP_DATES,OFFSET,,AREA,AGE,HOST,STATUS,FLYER_ALT,,PRICE,TICKET_URL,IMAGE
hours,,,Sunday,10 AM - 10 PM,Brunch until 3 PM,,,,,,10:00:00 AM,10:00:00 PM,,,,,,,,,,,,,,,
hours,,,Monday,4 PM - 10 PM,Happy Hour 4 PM - 6 PM,,,,,,4:00:00 PM,10:00:00 PM,,,,,,,,,,,,,,,
hours,,,Tuesday,11 AM - 11 PM,Taco Tuesday,,,,,,11:00:00 AM,11:00:00 PM,,,,,,,,,,,,,,,
hours,,,Wednesday,11 AM - 11 PM,,,,,,,11:00:00 AM,11:00:00 PM,,,,,,,,,,,,,,,
hours,,,Thursday,11 AM - 12 AM,,,,,,,11:00:00 AM,12:00:00 AM,,,,,,,,,,,,,,,
hours,,,Friday,11 AM - 2 AM,Kitchen open until midnight.,,,,,,11:00:00 AM,2:00:00 AM,,,,,,,,,,,,,,,
hours,,,Saturday,10 AM - 2 AM,Kitchen open until midnight.,,,,,,10:00:00 AM,2:00:00 AM,,,,,,,,,,,,,,,
weekly_event,Sunday Brunch & Vinyl,,Sunday,10:00 AM - 3:00 PM,"Chilaquiles, bottomless micheladas, and cumbia on vinyl from DJ Nopal.",,Naranja,,Yes,,10:00:00 AM,3:00:00 PM,Weekly,,,,,,,,,,,,,,
weekly_event,Happy Hour,,Monday,4:00 PM - 6:00 PM,$6 house margaritas and half-price antojitos at the bar.,,Chile,,Yes,,4:00:00 PM,6:00:00 PM,Weekly,,,,,,,,,,,,,,
weekly_event,Taco Tuesday,,Tuesday,4:00 PM - 10:00 PM,"$2.50 street tacos all night, al pastor carved off the trompo.",,Salsa,,Yes,,4:00:00 PM,10:00:00 PM,Weekly,,,,,,,,,,,,,,
weekly_event,Lotería Night,,Wednesday,7:00 PM - 9:00 PM,Free to play. Winners take home a jar of salsa macha.,,Mantequilla,,Yes,,7:00:00 PM,9:00:00 PM,Weekly,,,,,,,,,,,,,,
weekly_event,Mariachi Viernes,,Friday,8:00 PM - 11:00 PM,Mariachi Los Halcones live on the patio. No cover.,,Chile,,Yes,,8:00:00 PM,11:00:00 PM,Weekly,,,,,,,,,,,,,,
special_event,Mezcal Tasting,10/3/2026,Saturday,6:30 PM,"Five small-batch mezcals from Oaxaca, led by Diego. $35, 20 seats.",,Chile,,Yes,,6:30:00 PM,,,,,,3,,,,,,,,$35.00,,
special_event,Cumbia Dance Class,10/12/2026,Monday,7:00 PM - 8:30 PM,"Beginner-friendly lesson on the patio, then open dancing.",,Naranja,,Yes,,7:00:00 PM,8:30:00 PM,,,,,12,,,,,,,,,,
special_event,Chef's Mole Dinner,10/18/2026,Sunday,7:00 PM,Five courses built around Marisol's 28-ingredient mole. $65.,,Salsa,,Yes,,7:00:00 PM,,,,,,18,,,,,,,,$65.00,,
special_event,Lucha Libre Watch Party,10/25/2026,Sunday,8:00 PM,Masks encouraged. Best costume drinks free all night.,,Mantequilla,,Yes,,8:00:00 PM,,,,,,25,,,,,,,,,,